Variant,Aggregation_score,APR
wt,352.767,APR1
G26R,352.767,APR1
E34K,352.767,APR1
W50R,352.767,APR1
L60R,352.767,APR1
L64P,352.767,APR1
F71Y,352.767,APR1
L75P,352.767,APR1
L90P,352.767,APR1
L170P,352.767,APR1
R173P,352.767,APR1
L174S,352.767,APR1
A175P,352.767,APR1
L178H,352.767,APR1
L178P,352.767,APR1
L178R,352.767,APR1
K238N,352.767,APR1
wt,6.44347,APR2
G26R,6.44347,APR2
E34K,6.44347,APR2
W50R,6.44347,APR2
L60R,6.44347,APR2
L64P,6.44347,APR2
F71Y,6.44347,APR2
L75P,6.44347,APR2
L90P,6.44347,APR2
L170P,6.44347,APR2
R173P,6.44347,APR2
L174S,6.44347,APR2
A175P,6.44347,APR2
L178H,6.44347,APR2
L178P,6.44347,APR2
L178R,6.44347,APR2
K238N,6.44347,APR2
wt,0,APR3
G26R,0,APR3
E34K,0,APR3
W50R,0,APR3
L60R,0,APR3
L64P,0,APR3
F71Y,0,APR3
L75P,0,APR3
L90P,0,APR3
L170P,0,APR3
R173P,0,APR3
L174S,0,APR3
A175P,0,APR3
L178H,0,APR3
L178P,0,APR3
L178R,0,APR3
K238N,0,APR3
wt,32.6745,APR3
G26R,32.6745,APR3
E34K,32.6745,APR3
W50R,32.6745,APR3
L60R,32.6745,APR3
L64P,32.6745,APR3
F71Y,32.6745,APR3
L75P,32.6745,APR3
L90P,32.6745,APR3
L170P,32.6745,APR3
R173P,32.6745,APR3
L174S,32.6745,APR3
A175P,32.6745,APR3
L178H,32.6745,APR3
L178P,32.6745,APR3
L178R,32.6745,APR3
K238N,32.6745,APR3
